task,seed,attempt,worker_id,config_fingerprint,environment_fingerprint,variant,scene_fingerprint,instruction_fingerprint,expert,policy_started,outcome,error_stage,error_reason,selected_latest
synthetic_pick,0,0,0,sha256:620b3cc9b4e0c48a8cd7fef4d93f7adea8f95a0e6eb55b547ff31f9adc202f21,sha256:3287ce8ecf2bcd5199475d05ad3dfaaca09787d3986925bf5b4c529e1668de06,"{""synthetic_object_variant"":0}",sha256:3ba93fa770c9bfeb610b1b765eff707273e52c44f3634b42206318401d0ecf99,sha256:3f19e8ade5bf7d88b86275f14e866905f2b90429db2856afadfa44c431852b44,accepted,True,policy_success,unknown,unknown,True
synthetic_pick,1,0,1,sha256:620b3cc9b4e0c48a8cd7fef4d93f7adea8f95a0e6eb55b547ff31f9adc202f21,sha256:3287ce8ecf2bcd5199475d05ad3dfaaca09787d3986925bf5b4c529e1668de06,"{""synthetic_object_variant"":0}",sha256:7bec4bc4ca03ed8e16d2ed7bf386106c014afda56501cfd1b76f7c2a04675b29,sha256:3f19e8ade5bf7d88b86275f14e866905f2b90429db2856afadfa44c431852b44,accepted,True,policy_success,unknown,unknown,True
synthetic_pick,2,0,0,sha256:620b3cc9b4e0c48a8cd7fef4d93f7adea8f95a0e6eb55b547ff31f9adc202f21,sha256:3287ce8ecf2bcd5199475d05ad3dfaaca09787d3986925bf5b4c529e1668de06,"{""synthetic_object_variant"":0}",sha256:c9274e83a0943c7c701f9554c38c94826e79172148677ff6306efca29ac7869c,sha256:3f19e8ade5bf7d88b86275f14e866905f2b90429db2856afadfa44c431852b44,accepted,True,policy_success,unknown,unknown,True
synthetic_pick,3,0,1,sha256:620b3cc9b4e0c48a8cd7fef4d93f7adea8f95a0e6eb55b547ff31f9adc202f21,sha256:3287ce8ecf2bcd5199475d05ad3dfaaca09787d3986925bf5b4c529e1668de06,"{""synthetic_object_variant"":0}",sha256:aba84591633dde5b7abd076cdd636644b24612703226b36359f9515771514d32,sha256:3f19e8ade5bf7d88b86275f14e866905f2b90429db2856afadfa44c431852b44,accepted,True,policy_success,unknown,unknown,True
synthetic_pick,4,0,0,sha256:620b3cc9b4e0c48a8cd7fef4d93f7adea8f95a0e6eb55b547ff31f9adc202f21,sha256:3287ce8ecf2bcd5199475d05ad3dfaaca09787d3986925bf5b4c529e1668de06,"{""synthetic_object_variant"":0}",sha256:c58e298586c7de94d8716cd89ea0b179034111262437a2bc595bd97cd814a07e,sha256:3f19e8ade5bf7d88b86275f14e866905f2b90429db2856afadfa44c431852b44,accepted,True,policy_success,unknown,unknown,True
synthetic_pick,5,0,1,sha256:620b3cc9b4e0c48a8cd7fef4d93f7adea8f95a0e6eb55b547ff31f9adc202f21,sha256:3287ce8ecf2bcd5199475d05ad3dfaaca09787d3986925bf5b4c529e1668de06,"{""synthetic_object_variant"":0}",sha256:6f5b225f21a43457871fec16123214a668421081d80842f710b23c48dc98e2c3,sha256:3f19e8ade5bf7d88b86275f14e866905f2b90429db2856afadfa44c431852b44,accepted,True,policy_success,unknown,unknown,True
synthetic_pick,6,0,0,sha256:620b3cc9b4e0c48a8cd7fef4d93f7adea8f95a0e6eb55b547ff31f9adc202f21,sha256:3287ce8ecf2bcd5199475d05ad3dfaaca09787d3986925bf5b4c529e1668de06,"{""synthetic_object_variant"":0}",sha256:bb93368fc85f101b314a2e82d612e432e52ac7e92eacbde66010b78493177e43,sha256:3f19e8ade5bf7d88b86275f14e866905f2b90429db2856afadfa44c431852b44,accepted,True,policy_success,unknown,unknown,True
synthetic_pick,7,0,1,sha256:620b3cc9b4e0c48a8cd7fef4d93f7adea8f95a0e6eb55b547ff31f9adc202f21,sha256:3287ce8ecf2bcd5199475d05ad3dfaaca09787d3986925bf5b4c529e1668de06,"{""synthetic_object_variant"":0}",sha256:ca8ec4c329f73d77cb30814b2f40e13edda1c2e75d5e57b33a1acf131b8e061f,sha256:3f19e8ade5bf7d88b86275f14e866905f2b90429db2856afadfa44c431852b44,accepted,True,policy_success,unknown,unknown,True
synthetic_pick,8,0,0,sha256:620b3cc9b4e0c48a8cd7fef4d93f7adea8f95a0e6eb55b547ff31f9adc202f21,sha256:3287ce8ecf2bcd5199475d05ad3dfaaca09787d3986925bf5b4c529e1668de06,"{""synthetic_object_variant"":0}",sha256:8f831a42abfa96d68646b7977eb81eda9d5a77ca1dac0580f25453a3646f5e3a,sha256:3f19e8ade5bf7d88b86275f14e866905f2b90429db2856afadfa44c431852b44,accepted,True,policy_success,unknown,unknown,True
synthetic_pick,9,0,1,sha256:620b3cc9b4e0c48a8cd7fef4d93f7adea8f95a0e6eb55b547ff31f9adc202f21,sha256:3287ce8ecf2bcd5199475d05ad3dfaaca09787d3986925bf5b4c529e1668de06,"{""synthetic_object_variant"":0}",sha256:395c81d7117ca7de6bbc8e410191ad0fc9c25fe622a57dd850a82357c0deef59,sha256:3f19e8ade5bf7d88b86275f14e866905f2b90429db2856afadfa44c431852b44,accepted,True,policy_success,unknown,unknown,True
synthetic_pick,10,0,0,sha256:620b3cc9b4e0c48a8cd7fef4d93f7adea8f95a0e6eb55b547ff31f9adc202f21,sha256:3287ce8ecf2bcd5199475d05ad3dfaaca09787d3986925bf5b4c529e1668de06,"{""synthetic_object_variant"":0}",sha256:a2c383d6d9c76e9570c652125ee15e1eac753a4964206db1411f45db31439f15,sha256:3f19e8ade5bf7d88b86275f14e866905f2b90429db2856afadfa44c431852b44,accepted,True,policy_success,unknown,unknown,True
synthetic_pick,11,0,1,sha256:620b3cc9b4e0c48a8cd7fef4d93f7adea8f95a0e6eb55b547ff31f9adc202f21,sha256:3287ce8ecf2bcd5199475d05ad3dfaaca09787d3986925bf5b4c529e1668de06,"{""synthetic_object_variant"":0}",sha256:6e11dac8f8d6cc5036b35514b1c105e88f4fb97a1fa363b14a1d495c0ef2c0a6,sha256:3f19e8ade5bf7d88b86275f14e866905f2b90429db2856afadfa44c431852b44,accepted,True,policy_success,unknown,unknown,True
synthetic_pick,12,0,0,sha256:620b3cc9b4e0c48a8cd7fef4d93f7adea8f95a0e6eb55b547ff31f9adc202f21,sha256:3287ce8ecf2bcd5199475d05ad3dfaaca09787d3986925bf5b4c529e1668de06,"{""synthetic_object_variant"":0}",sha256:18605b23b0d240affe1b8baccc50756f3a6224a7f11c2483c44112cb69647496,sha256:3f19e8ade5bf7d88b86275f14e866905f2b90429db2856afadfa44c431852b44,accepted,True,policy_success,unknown,unknown,True
synthetic_pick,13,0,1,sha256:620b3cc9b4e0c48a8cd7fef4d93f7adea8f95a0e6eb55b547ff31f9adc202f21,sha256:3287ce8ecf2bcd5199475d05ad3dfaaca09787d3986925bf5b4c529e1668de06,"{""synthetic_object_variant"":0}",sha256:40ec25ffbbc22b03a4c663968e66db72211929d99f9cc81898891ce9e34a8292,sha256:3f19e8ade5bf7d88b86275f14e866905f2b90429db2856afadfa44c431852b44,accepted,True,policy_success,unknown,unknown,True
synthetic_pick,14,0,0,sha256:620b3cc9b4e0c48a8cd7fef4d93f7adea8f95a0e6eb55b547ff31f9adc202f21,sha256:3287ce8ecf2bcd5199475d05ad3dfaaca09787d3986925bf5b4c529e1668de06,"{""synthetic_object_variant"":0}",sha256:3ded18baba452ca3ac8046819849e30d515a8bf97579ed508ac9cccc836a5d87,sha256:3f19e8ade5bf7d88b86275f14e866905f2b90429db2856afadfa44c431852b44,accepted,True,policy_success,unknown,unknown,True
synthetic_pick,15,0,1,sha256:620b3cc9b4e0c48a8cd7fef4d93f7adea8f95a0e6eb55b547ff31f9adc202f21,sha256:3287ce8ecf2bcd5199475d05ad3dfaaca09787d3986925bf5b4c529e1668de06,"{""synthetic_object_variant"":0}",sha256:006f18a4f10be88a1f4bf2a8bc1e4b92a5bb27f8163cc5d68379359c4c2ac620,sha256:3f19e8ade5bf7d88b86275f14e866905f2b90429db2856afadfa44c431852b44,accepted,True,policy_success,unknown,unknown,True
synthetic_pick,16,0,0,sha256:620b3cc9b4e0c48a8cd7fef4d93f7adea8f95a0e6eb55b547ff31f9adc202f21,sha256:3287ce8ecf2bcd5199475d05ad3dfaaca09787d3986925bf5b4c529e1668de06,"{""synthetic_object_variant"":0}",sha256:e6e681505f668f6873eeb9ffbf5b10b42be025dcef03360dcd3d690a353156b1,sha256:3f19e8ade5bf7d88b86275f14e866905f2b90429db2856afadfa44c431852b44,accepted,True,policy_success,unknown,unknown,True
synthetic_pick,17,0,1,sha256:620b3cc9b4e0c48a8cd7fef4d93f7adea8f95a0e6eb55b547ff31f9adc202f21,sha256:3287ce8ecf2bcd5199475d05ad3dfaaca09787d3986925bf5b4c529e1668de06,"{""synthetic_object_variant"":0}",sha256:e89f64710d160651106c032c403a855f67818ee9fc3a12afadefccf1527ad4d8,sha256:3f19e8ade5bf7d88b86275f14e866905f2b90429db2856afadfa44c431852b44,accepted,True,policy_success,unknown,unknown,True
synthetic_pick,18,0,0,sha256:620b3cc9b4e0c48a8cd7fef4d93f7adea8f95a0e6eb55b547ff31f9adc202f21,sha256:3287ce8ecf2bcd5199475d05ad3dfaaca09787d3986925bf5b4c529e1668de06,"{""synthetic_object_variant"":0}",sha256:e06d90decfbb6a4fcba407a43cc13dbdd7360b7bcaea0cafde1f61267da15a51,sha256:3f19e8ade5bf7d88b86275f14e866905f2b90429db2856afadfa44c431852b44,accepted,True,policy_success,unknown,unknown,True
synthetic_pick,19,0,1,sha256:620b3cc9b4e0c48a8cd7fef4d93f7adea8f95a0e6eb55b547ff31f9adc202f21,sha256:3287ce8ecf2bcd5199475d05ad3dfaaca09787d3986925bf5b4c529e1668de06,"{""synthetic_object_variant"":0}",sha256:d000e6a456b9ab5cf1da0a18775374b83c3cdb3f89e552625e23f3d4eb5fdb16,sha256:3f19e8ade5bf7d88b86275f14e866905f2b90429db2856afadfa44c431852b44,accepted,True,policy_success,unknown,unknown,True
synthetic_pick,20,0,0,sha256:620b3cc9b4e0c48a8cd7fef4d93f7adea8f95a0e6eb55b547ff31f9adc202f21,sha256:3287ce8ecf2bcd5199475d05ad3dfaaca09787d3986925bf5b4c529e1668de06,"{""synthetic_object_variant"":1}",sha256:e9b1603fd7c861efee023f9e24150bb07f2debe31d8c10a1c1c3a9533869bd66,sha256:3f19e8ade5bf7d88b86275f14e866905f2b90429db2856afadfa44c431852b44,accepted,True,policy_success,unknown,unknown,True
synthetic_pick,21,0,1,sha256:620b3cc9b4e0c48a8cd7fef4d93f7adea8f95a0e6eb55b547ff31f9adc202f21,sha256:3287ce8ecf2bcd5199475d05ad3dfaaca09787d3986925bf5b4c529e1668de06,"{""synthetic_object_variant"":1}",sha256:d5eee4eb6bc4d67efd737a6102e408f944be5ae7d5bf735e83c05566811cbdb9,sha256:3f19e8ade5bf7d88b86275f14e866905f2b90429db2856afadfa44c431852b44,accepted,True,policy_success,unknown,unknown,True
synthetic_pick,22,0,0,sha256:620b3cc9b4e0c48a8cd7fef4d93f7adea8f95a0e6eb55b547ff31f9adc202f21,sha256:3287ce8ecf2bcd5199475d05ad3dfaaca09787d3986925bf5b4c529e1668de06,"{""synthetic_object_variant"":1}",sha256:a2c1f5d0a6fe866e0698ca767e5c763be86646d153af71331a437f09b3ebaa3b,sha256:3f19e8ade5bf7d88b86275f14e866905f2b90429db2856afadfa44c431852b44,accepted,True,policy_success,unknown,unknown,True
synthetic_pick,23,0,1,sha256:620b3cc9b4e0c48a8cd7fef4d93f7adea8f95a0e6eb55b547ff31f9adc202f21,sha256:3287ce8ecf2bcd5199475d05ad3dfaaca09787d3986925bf5b4c529e1668de06,"{""synthetic_object_variant"":1}",sha256:263cade60082e931a7f608ec9fd49f75dbad2cd1365ad4c41ec2d7ee3ff73ab5,sha256:3f19e8ade5bf7d88b86275f14e866905f2b90429db2856afadfa44c431852b44,accepted,True,policy_success,unknown,unknown,True
synthetic_pick,24,0,0,sha256:620b3cc9b4e0c48a8cd7fef4d93f7adea8f95a0e6eb55b547ff31f9adc202f21,sha256:3287ce8ecf2bcd5199475d05ad3dfaaca09787d3986925bf5b4c529e1668de06,"{""synthetic_object_variant"":1}",sha256:5be045aae1ac2c3669cbcd5b80cfa86a370f8bfc6aca9effbab414d90321812f,sha256:3f19e8ade5bf7d88b86275f14e866905f2b90429db2856afadfa44c431852b44,accepted,True,policy_success,unknown,unknown,True
synthetic_pick,25,0,1,sha256:620b3cc9b4e0c48a8cd7fef4d93f7adea8f95a0e6eb55b547ff31f9adc202f21,sha256:3287ce8ecf2bcd5199475d05ad3dfaaca09787d3986925bf5b4c529e1668de06,"{""synthetic_object_variant"":1}",sha256:b054af431aceaf627f75e68df80512ee16b323fbb1dcbeb0cd970496a37ba4fc,sha256:3f19e8ade5bf7d88b86275f14e866905f2b90429db2856afadfa44c431852b44,accepted,True,policy_success,unknown,unknown,True
synthetic_pick,26,0,0,sha256:620b3cc9b4e0c48a8cd7fef4d93f7adea8f95a0e6eb55b547ff31f9adc202f21,sha256:3287ce8ecf2bcd5199475d05ad3dfaaca09787d3986925bf5b4c529e1668de06,"{""synthetic_object_variant"":1}",sha256:868298d116e147f7d855ce7dcbd62d2c6c89334487e47ac13e79228a8032c8bc,sha256:3f19e8ade5bf7d88b86275f14e866905f2b90429db2856afadfa44c431852b44,accepted,True,policy_success,unknown,unknown,True
synthetic_pick,27,0,1,sha256:620b3cc9b4e0c48a8cd7fef4d93f7adea8f95a0e6eb55b547ff31f9adc202f21,sha256:3287ce8ecf2bcd5199475d05ad3dfaaca09787d3986925bf5b4c529e1668de06,"{""synthetic_object_variant"":1}",sha256:26eb997673e2e7308222de02f4ac831f09f7f5dadc11cdf1a77da9a1d14239d3,sha256:3f19e8ade5bf7d88b86275f14e866905f2b90429db2856afadfa44c431852b44,accepted,True,policy_success,unknown,unknown,True
synthetic_pick,28,0,0,sha256:620b3cc9b4e0c48a8cd7fef4d93f7adea8f95a0e6eb55b547ff31f9adc202f21,sha256:3287ce8ecf2bcd5199475d05ad3dfaaca09787d3986925bf5b4c529e1668de06,"{""synthetic_object_variant"":1}",sha256:62ec587f7123db9a39770636dd6064a7716883942482eb5eb5605c18d7e4cee4,sha256:3f19e8ade5bf7d88b86275f14e866905f2b90429db2856afadfa44c431852b44,accepted,True,policy_success,unknown,unknown,True
synthetic_pick,29,0,1,sha256:620b3cc9b4e0c48a8cd7fef4d93f7adea8f95a0e6eb55b547ff31f9adc202f21,sha256:3287ce8ecf2bcd5199475d05ad3dfaaca09787d3986925bf5b4c529e1668de06,"{""synthetic_object_variant"":1}",sha256:942175ca7ed9e3fef11e3d321d7215503e826569026d66aac83d7e5249eebd7b,sha256:3f19e8ade5bf7d88b86275f14e866905f2b90429db2856afadfa44c431852b44,accepted,True,policy_success,unknown,unknown,True
synthetic_pick,30,0,0,sha256:620b3cc9b4e0c48a8cd7fef4d93f7adea8f95a0e6eb55b547ff31f9adc202f21,sha256:3287ce8ecf2bcd5199475d05ad3dfaaca09787d3986925bf5b4c529e1668de06,"{""synthetic_object_variant"":1}",sha256:cb937355fa85a80e1404a3f6f6789e37dde0d296a0ff13e3bb2f8c0a0881daae,sha256:3f19e8ade5bf7d88b86275f14e866905f2b90429db2856afadfa44c431852b44,accepted,True,policy_success,unknown,unknown,True
synthetic_pick,31,0,1,sha256:620b3cc9b4e0c48a8cd7fef4d93f7adea8f95a0e6eb55b547ff31f9adc202f21,sha256:3287ce8ecf2bcd5199475d05ad3dfaaca09787d3986925bf5b4c529e1668de06,"{""synthetic_object_variant"":1}",sha256:cfeb7e5ac9974354b016a1a6f5fce33dd79508bb21f64f4de057d912325d813d,sha256:3f19e8ade5bf7d88b86275f14e866905f2b90429db2856afadfa44c431852b44,accepted,True,policy_success,unknown,unknown,True
synthetic_pick,32,0,0,sha256:620b3cc9b4e0c48a8cd7fef4d93f7adea8f95a0e6eb55b547ff31f9adc202f21,sha256:3287ce8ecf2bcd5199475d05ad3dfaaca09787d3986925bf5b4c529e1668de06,"{""synthetic_object_variant"":1}",sha256:9469b81c83d113c05c26e96f499946dd7f5352c7706ace18f88dd69d9d20d420,sha256:3f19e8ade5bf7d88b86275f14e866905f2b90429db2856afadfa44c431852b44,accepted,True,policy_success,unknown,unknown,True
synthetic_pick,33,0,1,sha256:620b3cc9b4e0c48a8cd7fef4d93f7adea8f95a0e6eb55b547ff31f9adc202f21,sha256:3287ce8ecf2bcd5199475d05ad3dfaaca09787d3986925bf5b4c529e1668de06,"{""synthetic_object_variant"":1}",sha256:537f0fdcf26864f6fa4745b4a112f740ad5f3e7dac9e96309c42ed97ae5a58dd,sha256:3f19e8ade5bf7d88b86275f14e866905f2b90429db2856afadfa44c431852b44,accepted,True,policy_success,unknown,unknown,True
synthetic_pick,34,0,0,sha256:620b3cc9b4e0c48a8cd7fef4d93f7adea8f95a0e6eb55b547ff31f9adc202f21,sha256:3287ce8ecf2bcd5199475d05ad3dfaaca09787d3986925bf5b4c529e1668de06,"{""synthetic_object_variant"":1}",sha256:0677eeebebac5c115e034a5754c55d41a5f4b517c8f0248f54a5fc5dec6c805b,sha256:3f19e8ade5bf7d88b86275f14e866905f2b90429db2856afadfa44c431852b44,accepted,True,policy_success,unknown,unknown,True
synthetic_pick,35,0,1,sha256:620b3cc9b4e0c48a8cd7fef4d93f7adea8f95a0e6eb55b547ff31f9adc202f21,sha256:3287ce8ecf2bcd5199475d05ad3dfaaca09787d3986925bf5b4c529e1668de06,"{""synthetic_object_variant"":1}",sha256:c47cf616a3b9d6241b8a3e0eecf3495f21cf499330d593c3cff721da1f403c2b,sha256:3f19e8ade5bf7d88b86275f14e866905f2b90429db2856afadfa44c431852b44,accepted,True,policy_success,unknown,unknown,True
synthetic_pick,36,0,0,sha256:620b3cc9b4e0c48a8cd7fef4d93f7adea8f95a0e6eb55b547ff31f9adc202f21,sha256:3287ce8ecf2bcd5199475d05ad3dfaaca09787d3986925bf5b4c529e1668de06,"{""synthetic_object_variant"":1}",sha256:a211213926a1cc2fc49237e9bd637795916d1803d0cc5119c2e99a87195aceb4,sha256:3f19e8ade5bf7d88b86275f14e866905f2b90429db2856afadfa44c431852b44,accepted,True,policy_success,unknown,unknown,True
synthetic_pick,37,0,1,sha256:620b3cc9b4e0c48a8cd7fef4d93f7adea8f95a0e6eb55b547ff31f9adc202f21,sha256:3287ce8ecf2bcd5199475d05ad3dfaaca09787d3986925bf5b4c529e1668de06,"{""synthetic_object_variant"":1}",sha256:6b793f4ade65b744e8925d08b3b54bb9feb9f06fd074c13d6134eac3a7ad2e48,sha256:3f19e8ade5bf7d88b86275f14e866905f2b90429db2856afadfa44c431852b44,accepted,True,policy_success,unknown,unknown,True
synthetic_pick,38,0,0,sha256:620b3cc9b4e0c48a8cd7fef4d93f7adea8f95a0e6eb55b547ff31f9adc202f21,sha256:3287ce8ecf2bcd5199475d05ad3dfaaca09787d3986925bf5b4c529e1668de06,"{""synthetic_object_variant"":1}",sha256:acca0dbd1ab7dd82c46c0e961e9568571d509b5cef8bf044f91d3b4fd6fc0cc0,sha256:3f19e8ade5bf7d88b86275f14e866905f2b90429db2856afadfa44c431852b44,accepted,True,policy_success,unknown,unknown,True
synthetic_pick,39,0,1,sha256:620b3cc9b4e0c48a8cd7fef4d93f7adea8f95a0e6eb55b547ff31f9adc202f21,sha256:3287ce8ecf2bcd5199475d05ad3dfaaca09787d3986925bf5b4c529e1668de06,"{""synthetic_object_variant"":1}",sha256:dca7dc9c52f2be2292793f9c43628c763fac80af2280e742ea78b6a9eaee4713,sha256:3f19e8ade5bf7d88b86275f14e866905f2b90429db2856afadfa44c431852b44,accepted,True,policy_success,unknown,unknown,True
synthetic_pick,40,0,0,sha256:620b3cc9b4e0c48a8cd7fef4d93f7adea8f95a0e6eb55b547ff31f9adc202f21,sha256:3287ce8ecf2bcd5199475d05ad3dfaaca09787d3986925bf5b4c529e1668de06,"{""synthetic_object_variant"":2}",sha256:2a7c0d80c8586e9e0d2033cf2e7f3b5bbb58ce0731303d4c1cef3a095d4f2ea0,sha256:3f19e8ade5bf7d88b86275f14e866905f2b90429db2856afadfa44c431852b44,accepted,True,policy_success,unknown,unknown,True
synthetic_pick,41,0,1,sha256:620b3cc9b4e0c48a8cd7fef4d93f7adea8f95a0e6eb55b547ff31f9adc202f21,sha256:3287ce8ecf2bcd5199475d05ad3dfaaca09787d3986925bf5b4c529e1668de06,"{""synthetic_object_variant"":2}",sha256:9a72ab4c891ff6732e4d847293f4942e9e5651cfcba7417bf439d8131f401910,sha256:3f19e8ade5bf7d88b86275f14e866905f2b90429db2856afadfa44c431852b44,accepted,True,policy_success,unknown,unknown,True
synthetic_pick,42,0,0,sha256:620b3cc9b4e0c48a8cd7fef4d93f7adea8f95a0e6eb55b547ff31f9adc202f21,sha256:3287ce8ecf2bcd5199475d05ad3dfaaca09787d3986925bf5b4c529e1668de06,"{""synthetic_object_variant"":2}",sha256:d8bbf9ca7635ab65051a53a863045fea95a42838253b917774fc60715e27401d,sha256:3f19e8ade5bf7d88b86275f14e866905f2b90429db2856afadfa44c431852b44,accepted,True,policy_success,unknown,unknown,True
synthetic_pick,43,0,1,sha256:620b3cc9b4e0c48a8cd7fef4d93f7adea8f95a0e6eb55b547ff31f9adc202f21,sha256:3287ce8ecf2bcd5199475d05ad3dfaaca09787d3986925bf5b4c529e1668de06,"{""synthetic_object_variant"":2}",sha256:6074c936654c7c7dda9fa953ea2bac9f5fea79cab2cffe96aec6166109f15ddf,sha256:3f19e8ade5bf7d88b86275f14e866905f2b90429db2856afadfa44c431852b44,accepted,True,policy_success,unknown,unknown,True
synthetic_pick,44,0,0,sha256:620b3cc9b4e0c48a8cd7fef4d93f7adea8f95a0e6eb55b547ff31f9adc202f21,sha256:3287ce8ecf2bcd5199475d05ad3dfaaca09787d3986925bf5b4c529e1668de06,"{""synthetic_object_variant"":2}",sha256:3aaf1d20209bad0eaa41bcd719a16ea35fd339ce2fd0874eb53f23c5ad18252f,sha256:3f19e8ade5bf7d88b86275f14e866905f2b90429db2856afadfa44c431852b44,accepted,True,policy_success,unknown,unknown,True
synthetic_pick,45,0,1,sha256:620b3cc9b4e0c48a8cd7fef4d93f7adea8f95a0e6eb55b547ff31f9adc202f21,sha256:3287ce8ecf2bcd5199475d05ad3dfaaca09787d3986925bf5b4c529e1668de06,"{""synthetic_object_variant"":2}",sha256:811ab60c954cd5779ca0c34302226cb429690c62c8d0f7e44ffcaefcc35dd8e6,sha256:3f19e8ade5bf7d88b86275f14e866905f2b90429db2856afadfa44c431852b44,accepted,True,policy_success,unknown,unknown,True
synthetic_pick,46,0,0,sha256:620b3cc9b4e0c48a8cd7fef4d93f7adea8f95a0e6eb55b547ff31f9adc202f21,sha256:3287ce8ecf2bcd5199475d05ad3dfaaca09787d3986925bf5b4c529e1668de06,"{""synthetic_object_variant"":2}",sha256:c5a56159b82add80766bd43b39954f38f9f7be0c71c8f1742b326e549e27c088,sha256:3f19e8ade5bf7d88b86275f14e866905f2b90429db2856afadfa44c431852b44,accepted,True,policy_success,unknown,unknown,True
synthetic_pick,47,0,1,sha256:620b3cc9b4e0c48a8cd7fef4d93f7adea8f95a0e6eb55b547ff31f9adc202f21,sha256:3287ce8ecf2bcd5199475d05ad3dfaaca09787d3986925bf5b4c529e1668de06,"{""synthetic_object_variant"":2}",sha256:edeeaa76c7d0c535c6107ecfa83bf5f9a7e34ab750cfa9c5f595de3564922b79,sha256:3f19e8ade5bf7d88b86275f14e866905f2b90429db2856afadfa44c431852b44,accepted,True,policy_success,unknown,unknown,True
synthetic_pick,48,0,0,sha256:620b3cc9b4e0c48a8cd7fef4d93f7adea8f95a0e6eb55b547ff31f9adc202f21,sha256:3287ce8ecf2bcd5199475d05ad3dfaaca09787d3986925bf5b4c529e1668de06,"{""synthetic_object_variant"":2}",sha256:04ce84702b9db032a1728b860df89cd68fb85af9d1d6f9915eeae6474d3baa53,sha256:3f19e8ade5bf7d88b86275f14e866905f2b90429db2856afadfa44c431852b44,accepted,True,policy_success,unknown,unknown,True
synthetic_pick,49,0,1,sha256:620b3cc9b4e0c48a8cd7fef4d93f7adea8f95a0e6eb55b547ff31f9adc202f21,sha256:3287ce8ecf2bcd5199475d05ad3dfaaca09787d3986925bf5b4c529e1668de06,"{""synthetic_object_variant"":2}",sha256:586bd9f1e0aa7918a146ebf3865be363aa0d06b8959bd716ada6554999fe288c,sha256:3f19e8ade5bf7d88b86275f14e866905f2b90429db2856afadfa44c431852b44,accepted,True,policy_success,unknown,unknown,True
synthetic_pick,50,0,0,sha256:620b3cc9b4e0c48a8cd7fef4d93f7adea8f95a0e6eb55b547ff31f9adc202f21,sha256:3287ce8ecf2bcd5199475d05ad3dfaaca09787d3986925bf5b4c529e1668de06,"{""synthetic_object_variant"":2}",sha256:87ae5e0aa8d9fd48603f1904630de75aed05f832d1c3c1d4633526a30ff508a6,sha256:3f19e8ade5bf7d88b86275f14e866905f2b90429db2856afadfa44c431852b44,accepted,True,policy_success,unknown,unknown,True
synthetic_pick,51,0,1,sha256:620b3cc9b4e0c48a8cd7fef4d93f7adea8f95a0e6eb55b547ff31f9adc202f21,sha256:3287ce8ecf2bcd5199475d05ad3dfaaca09787d3986925bf5b4c529e1668de06,"{""synthetic_object_variant"":2}",sha256:4c866ae155993b3af79e8b799ca0fb0b75ee9e7a34a0291381bc05a5fe9d6a9e,sha256:3f19e8ade5bf7d88b86275f14e866905f2b90429db2856afadfa44c431852b44,accepted,True,policy_success,unknown,unknown,True
synthetic_pick,52,0,0,sha256:620b3cc9b4e0c48a8cd7fef4d93f7adea8f95a0e6eb55b547ff31f9adc202f21,sha256:3287ce8ecf2bcd5199475d05ad3dfaaca09787d3986925bf5b4c529e1668de06,"{""synthetic_object_variant"":2}",sha256:7daa85f23b1bfe267d68867aca3b0a54be77b30cb1a1937abd2de030dbde8d40,sha256:3f19e8ade5bf7d88b86275f14e866905f2b90429db2856afadfa44c431852b44,accepted,True,policy_success,unknown,unknown,True
synthetic_pick,53,0,1,sha256:620b3cc9b4e0c48a8cd7fef4d93f7adea8f95a0e6eb55b547ff31f9adc202f21,sha256:3287ce8ecf2bcd5199475d05ad3dfaaca09787d3986925bf5b4c529e1668de06,"{""synthetic_object_variant"":2}",sha256:7ee20bd7a838cd823438c0d6147a2dec9556531f82841183579e95fd28e08208,sha256:3f19e8ade5bf7d88b86275f14e866905f2b90429db2856afadfa44c431852b44,accepted,True,policy_success,unknown,unknown,True
synthetic_pick,54,0,0,sha256:620b3cc9b4e0c48a8cd7fef4d93f7adea8f95a0e6eb55b547ff31f9adc202f21,sha256:3287ce8ecf2bcd5199475d05ad3dfaaca09787d3986925bf5b4c529e1668de06,"{""synthetic_object_variant"":2}",sha256:4b1430bb31a4de5e75e71b0b9731205d4cf42f7f75360310346764f397cefaa5,sha256:3f19e8ade5bf7d88b86275f14e866905f2b90429db2856afadfa44c431852b44,accepted,True,policy_success,unknown,unknown,True
synthetic_pick,55,0,1,sha256:620b3cc9b4e0c48a8cd7fef4d93f7adea8f95a0e6eb55b547ff31f9adc202f21,sha256:3287ce8ecf2bcd5199475d05ad3dfaaca09787d3986925bf5b4c529e1668de06,"{""synthetic_object_variant"":2}",sha256:40e1faec41e0d30be22fb344da969eab70d471bcb0f905e40f69370367c78458,sha256:3f19e8ade5bf7d88b86275f14e866905f2b90429db2856afadfa44c431852b44,accepted,True,policy_success,unknown,unknown,True
synthetic_pick,56,0,0,sha256:620b3cc9b4e0c48a8cd7fef4d93f7adea8f95a0e6eb55b547ff31f9adc202f21,sha256:3287ce8ecf2bcd5199475d05ad3dfaaca09787d3986925bf5b4c529e1668de06,"{""synthetic_object_variant"":2}",sha256:683a1aa42e4eb34429c63db77c6942833e800b80cc080376d690fc95996d15d3,sha256:3f19e8ade5bf7d88b86275f14e866905f2b90429db2856afadfa44c431852b44,accepted,True,policy_success,unknown,unknown,True
synthetic_pick,57,0,1,sha256:620b3cc9b4e0c48a8cd7fef4d93f7adea8f95a0e6eb55b547ff31f9adc202f21,sha256:3287ce8ecf2bcd5199475d05ad3dfaaca09787d3986925bf5b4c529e1668de06,"{""synthetic_object_variant"":2}",sha256:2869d6e5faa1a2aa094d63ffb7b10e0db259f5adfcc73c1668a20f14690e706e,sha256:3f19e8ade5bf7d88b86275f14e866905f2b90429db2856afadfa44c431852b44,accepted,True,policy_success,unknown,unknown,True
synthetic_pick,58,0,0,sha256:620b3cc9b4e0c48a8cd7fef4d93f7adea8f95a0e6eb55b547ff31f9adc202f21,sha256:3287ce8ecf2bcd5199475d05ad3dfaaca09787d3986925bf5b4c529e1668de06,"{""synthetic_object_variant"":2}",sha256:98caa9c394df69b8e3e719f5c50414ee98ba38c70b57f468fb31305fd3a37e2f,sha256:3f19e8ade5bf7d88b86275f14e866905f2b90429db2856afadfa44c431852b44,accepted,True,policy_success,unknown,unknown,True
synthetic_pick,59,0,1,sha256:620b3cc9b4e0c48a8cd7fef4d93f7adea8f95a0e6eb55b547ff31f9adc202f21,sha256:3287ce8ecf2bcd5199475d05ad3dfaaca09787d3986925bf5b4c529e1668de06,"{""synthetic_object_variant"":2}",sha256:2e01e0218f752f2e805a348722a25a4b64270c9892b1eaa94cbab681f49f2972,sha256:3f19e8ade5bf7d88b86275f14e866905f2b90429db2856afadfa44c431852b44,accepted,True,policy_success,unknown,unknown,True
synthetic_pick,60,0,0,sha256:620b3cc9b4e0c48a8cd7fef4d93f7adea8f95a0e6eb55b547ff31f9adc202f21,sha256:3287ce8ecf2bcd5199475d05ad3dfaaca09787d3986925bf5b4c529e1668de06,"{""synthetic_object_variant"":3}",sha256:114a2a2c4711ae443e5645d80126a994a94e4c3f51dc7282fc690fd6d249f1f5,sha256:3f19e8ade5bf7d88b86275f14e866905f2b90429db2856afadfa44c431852b44,accepted,True,policy_success,unknown,unknown,True
synthetic_pick,61,0,1,sha256:620b3cc9b4e0c48a8cd7fef4d93f7adea8f95a0e6eb55b547ff31f9adc202f21,sha256:3287ce8ecf2bcd5199475d05ad3dfaaca09787d3986925bf5b4c529e1668de06,"{""synthetic_object_variant"":3}",sha256:16c3ed407dcf19ebd969023aa0d9b432c01163dd3e93ee1aa0007df2abd1c24c,sha256:3f19e8ade5bf7d88b86275f14e866905f2b90429db2856afadfa44c431852b44,accepted,True,policy_success,unknown,unknown,True
synthetic_pick,62,0,0,sha256:620b3cc9b4e0c48a8cd7fef4d93f7adea8f95a0e6eb55b547ff31f9adc202f21,sha256:3287ce8ecf2bcd5199475d05ad3dfaaca09787d3986925bf5b4c529e1668de06,"{""synthetic_object_variant"":3}",sha256:a95b7e05913beede3ada29ef9e813632e088b3f2bfbaa07815be359d1a377e7b,sha256:3f19e8ade5bf7d88b86275f14e866905f2b90429db2856afadfa44c431852b44,accepted,True,policy_success,unknown,unknown,True
synthetic_pick,63,0,1,sha256:620b3cc9b4e0c48a8cd7fef4d93f7adea8f95a0e6eb55b547ff31f9adc202f21,sha256:3287ce8ecf2bcd5199475d05ad3dfaaca09787d3986925bf5b4c529e1668de06,"{""synthetic_object_variant"":3}",sha256:2e6d0a0d2749c895a112612fa4a889b1f29587170c8848527951bb7b1045e90a,sha256:3f19e8ade5bf7d88b86275f14e866905f2b90429db2856afadfa44c431852b44,accepted,True,policy_success,unknown,unknown,True
synthetic_pick,64,0,0,sha256:620b3cc9b4e0c48a8cd7fef4d93f7adea8f95a0e6eb55b547ff31f9adc202f21,sha256:3287ce8ecf2bcd5199475d05ad3dfaaca09787d3986925bf5b4c529e1668de06,"{""synthetic_object_variant"":3}",sha256:c30afc78ba3dc5443aae08a6dc0d0fe38a2f15fbe3db1a651f056f570857cb8c,sha256:3f19e8ade5bf7d88b86275f14e866905f2b90429db2856afadfa44c431852b44,accepted,True,policy_success,unknown,unknown,True
synthetic_pick,65,0,1,sha256:620b3cc9b4e0c48a8cd7fef4d93f7adea8f95a0e6eb55b547ff31f9adc202f21,sha256:3287ce8ecf2bcd5199475d05ad3dfaaca09787d3986925bf5b4c529e1668de06,"{""synthetic_object_variant"":3}",sha256:6525360233c277c10d82c9cb296b8378bdc9d4ec02cda21406db4683b84e0486,sha256:3f19e8ade5bf7d88b86275f14e866905f2b90429db2856afadfa44c431852b44,accepted,True,policy_success,unknown,unknown,True
synthetic_pick,66,0,0,sha256:620b3cc9b4e0c48a8cd7fef4d93f7adea8f95a0e6eb55b547ff31f9adc202f21,sha256:3287ce8ecf2bcd5199475d05ad3dfaaca09787d3986925bf5b4c529e1668de06,"{""synthetic_object_variant"":3}",sha256:4a9dc3047cac6b7519f4a52d0ee532f8d146a9d9f9c13aeeb4eeb8b347c7ff58,sha256:3f19e8ade5bf7d88b86275f14e866905f2b90429db2856afadfa44c431852b44,accepted,True,policy_success,unknown,unknown,True
synthetic_pick,67,0,1,sha256:620b3cc9b4e0c48a8cd7fef4d93f7adea8f95a0e6eb55b547ff31f9adc202f21,sha256:3287ce8ecf2bcd5199475d05ad3dfaaca09787d3986925bf5b4c529e1668de06,"{""synthetic_object_variant"":3}",sha256:206eabb77f5bc60ab4a879657ea70d240c7972f82aee17ab807be10378473151,sha256:3f19e8ade5bf7d88b86275f14e866905f2b90429db2856afadfa44c431852b44,accepted,True,policy_success,unknown,unknown,True
synthetic_pick,68,0,0,sha256:620b3cc9b4e0c48a8cd7fef4d93f7adea8f95a0e6eb55b547ff31f9adc202f21,sha256:3287ce8ecf2bcd5199475d05ad3dfaaca09787d3986925bf5b4c529e1668de06,"{""synthetic_object_variant"":3}",sha256:955dfbe29222167e9d052ae07515de0aa4a3958e46337c73bd7c36a9dbd1e7e3,sha256:3f19e8ade5bf7d88b86275f14e866905f2b90429db2856afadfa44c431852b44,accepted,True,policy_success,unknown,unknown,True
synthetic_pick,69,0,1,sha256:620b3cc9b4e0c48a8cd7fef4d93f7adea8f95a0e6eb55b547ff31f9adc202f21,sha256:3287ce8ecf2bcd5199475d05ad3dfaaca09787d3986925bf5b4c529e1668de06,"{""synthetic_object_variant"":3}",sha256:2a6b4336f9ffa2d754c41a51fffb866078dfcfce1193f55dfa1a53169f19f83a,sha256:3f19e8ade5bf7d88b86275f14e866905f2b90429db2856afadfa44c431852b44,accepted,True,policy_success,unknown,unknown,True
synthetic_pick,70,0,0,sha256:620b3cc9b4e0c48a8cd7fef4d93f7adea8f95a0e6eb55b547ff31f9adc202f21,sha256:3287ce8ecf2bcd5199475d05ad3dfaaca09787d3986925bf5b4c529e1668de06,"{""synthetic_object_variant"":3}",sha256:273f62108ce936c5dd0cbfb560d646e9e02aa05724d24a55eefdb4ed73fa6991,sha256:3f19e8ade5bf7d88b86275f14e866905f2b90429db2856afadfa44c431852b44,accepted,True,policy_success,unknown,unknown,True
synthetic_pick,71,0,1,sha256:620b3cc9b4e0c48a8cd7fef4d93f7adea8f95a0e6eb55b547ff31f9adc202f21,sha256:3287ce8ecf2bcd5199475d05ad3dfaaca09787d3986925bf5b4c529e1668de06,"{""synthetic_object_variant"":3}",sha256:ec42ac63bc236853806a0e8157ecacad8e4626931d47ffa66e84a8de6c556de1,sha256:3f19e8ade5bf7d88b86275f14e866905f2b90429db2856afadfa44c431852b44,accepted,True,policy_success,unknown,unknown,True
synthetic_pick,72,0,0,sha256:620b3cc9b4e0c48a8cd7fef4d93f7adea8f95a0e6eb55b547ff31f9adc202f21,sha256:3287ce8ecf2bcd5199475d05ad3dfaaca09787d3986925bf5b4c529e1668de06,"{""synthetic_object_variant"":3}",sha256:e37f8ccfb6bc50782e480d5511513a20778a70dcea0c0cdb355f1654345fa67d,sha256:3f19e8ade5bf7d88b86275f14e866905f2b90429db2856afadfa44c431852b44,accepted,True,policy_success,unknown,unknown,True
synthetic_pick,73,0,1,sha256:620b3cc9b4e0c48a8cd7fef4d93f7adea8f95a0e6eb55b547ff31f9adc202f21,sha256:3287ce8ecf2bcd5199475d05ad3dfaaca09787d3986925bf5b4c529e1668de06,"{""synthetic_object_variant"":3}",sha256:e6698288310666a03ff763dc5f0bc881580ab1459b3a4d1ebde66050f83c6d56,sha256:3f19e8ade5bf7d88b86275f14e866905f2b90429db2856afadfa44c431852b44,accepted,True,policy_success,unknown,unknown,True
synthetic_pick,74,0,0,sha256:620b3cc9b4e0c48a8cd7fef4d93f7adea8f95a0e6eb55b547ff31f9adc202f21,sha256:3287ce8ecf2bcd5199475d05ad3dfaaca09787d3986925bf5b4c529e1668de06,"{""synthetic_object_variant"":3}",sha256:29d295466b93456c6719b5593a3ade643360f21e4a29155bebd155a427747803,sha256:3f19e8ade5bf7d88b86275f14e866905f2b90429db2856afadfa44c431852b44,accepted,True,policy_success,unknown,unknown,True
synthetic_pick,75,0,1,sha256:620b3cc9b4e0c48a8cd7fef4d93f7adea8f95a0e6eb55b547ff31f9adc202f21,sha256:3287ce8ecf2bcd5199475d05ad3dfaaca09787d3986925bf5b4c529e1668de06,"{""synthetic_object_variant"":3}",sha256:cc25e3fdc83c07e57375027e3d8f035a343053f11eb685e43d61e12794733c8d,sha256:3f19e8ade5bf7d88b86275f14e866905f2b90429db2856afadfa44c431852b44,accepted,True,policy_success,unknown,unknown,True
synthetic_pick,76,0,0,sha256:620b3cc9b4e0c48a8cd7fef4d93f7adea8f95a0e6eb55b547ff31f9adc202f21,sha256:3287ce8ecf2bcd5199475d05ad3dfaaca09787d3986925bf5b4c529e1668de06,"{""synthetic_object_variant"":3}",sha256:0e3fd8a41652bdf73dce73dcb4a9386942baaeb49e47823d736754b9d0c166ed,sha256:3f19e8ade5bf7d88b86275f14e866905f2b90429db2856afadfa44c431852b44,accepted,True,policy_success,unknown,unknown,True
synthetic_pick,77,0,1,sha256:620b3cc9b4e0c48a8cd7fef4d93f7adea8f95a0e6eb55b547ff31f9adc202f21,sha256:3287ce8ecf2bcd5199475d05ad3dfaaca09787d3986925bf5b4c529e1668de06,"{""synthetic_object_variant"":3}",sha256:09c25dbba2a9252376315691ba7cd01b46200a6e6e85efe0db75e86db610dbbe,sha256:3f19e8ade5bf7d88b86275f14e866905f2b90429db2856afadfa44c431852b44,accepted,True,policy_success,unknown,unknown,True
synthetic_pick,78,0,0,sha256:620b3cc9b4e0c48a8cd7fef4d93f7adea8f95a0e6eb55b547ff31f9adc202f21,sha256:3287ce8ecf2bcd5199475d05ad3dfaaca09787d3986925bf5b4c529e1668de06,"{""synthetic_object_variant"":3}",sha256:ce1a74d01e964d9a15b5ace2bd1025f273d70682d6cc6480b1ac1c6a56e664c8,sha256:3f19e8ade5bf7d88b86275f14e866905f2b90429db2856afadfa44c431852b44,accepted,True,policy_success,unknown,unknown,True
synthetic_pick,79,0,1,sha256:620b3cc9b4e0c48a8cd7fef4d93f7adea8f95a0e6eb55b547ff31f9adc202f21,sha256:3287ce8ecf2bcd5199475d05ad3dfaaca09787d3986925bf5b4c529e1668de06,"{""synthetic_object_variant"":3}",sha256:a68f9a5e8e38bdc019ee6cc8c11794f96aaf5d9256ea672fb9b55f76537cfccc,sha256:3f19e8ade5bf7d88b86275f14e866905f2b90429db2856afadfa44c431852b44,accepted,True,policy_success,unknown,unknown,True
synthetic_pick,80,0,0,sha256:620b3cc9b4e0c48a8cd7fef4d93f7adea8f95a0e6eb55b547ff31f9adc202f21,sha256:3287ce8ecf2bcd5199475d05ad3dfaaca09787d3986925bf5b4c529e1668de06,"{""synthetic_object_variant"":4}",sha256:ea730f22a93b0db4498aee855de209e00cbc507485d11371f5f4cbe26ed904be,sha256:3f19e8ade5bf7d88b86275f14e866905f2b90429db2856afadfa44c431852b44,accepted,True,policy_fail,unknown,unknown,True
synthetic_pick,81,0,1,sha256:620b3cc9b4e0c48a8cd7fef4d93f7adea8f95a0e6eb55b547ff31f9adc202f21,sha256:3287ce8ecf2bcd5199475d05ad3dfaaca09787d3986925bf5b4c529e1668de06,"{""synthetic_object_variant"":4}",sha256:aa2f1a1006c5ba7f69df66ea941ea6771af7c6128fccd079b49430c3df60177c,sha256:3f19e8ade5bf7d88b86275f14e866905f2b90429db2856afadfa44c431852b44,accepted,True,policy_fail,unknown,unknown,True
synthetic_pick,82,0,0,sha256:620b3cc9b4e0c48a8cd7fef4d93f7adea8f95a0e6eb55b547ff31f9adc202f21,sha256:3287ce8ecf2bcd5199475d05ad3dfaaca09787d3986925bf5b4c529e1668de06,"{""synthetic_object_variant"":4}",sha256:62d572f63e5c7003122e7cce10ef951805d57e356488878ba671facc33c41cd8,sha256:3f19e8ade5bf7d88b86275f14e866905f2b90429db2856afadfa44c431852b44,accepted,True,policy_fail,unknown,unknown,True
synthetic_pick,83,0,1,sha256:620b3cc9b4e0c48a8cd7fef4d93f7adea8f95a0e6eb55b547ff31f9adc202f21,sha256:3287ce8ecf2bcd5199475d05ad3dfaaca09787d3986925bf5b4c529e1668de06,"{""synthetic_object_variant"":4}",sha256:4a53752bd598dd6b737428f2f19e71dfd482edd0021acaedfdd238acb4cb3121,sha256:3f19e8ade5bf7d88b86275f14e866905f2b90429db2856afadfa44c431852b44,accepted,True,policy_fail,unknown,unknown,True
synthetic_pick,84,0,0,sha256:620b3cc9b4e0c48a8cd7fef4d93f7adea8f95a0e6eb55b547ff31f9adc202f21,sha256:3287ce8ecf2bcd5199475d05ad3dfaaca09787d3986925bf5b4c529e1668de06,"{""synthetic_object_variant"":4}",sha256:f9a79ec984a69effc20a4fde2bf4b5c926ecc0dfa621883c53e6c74de640de65,sha256:3f19e8ade5bf7d88b86275f14e866905f2b90429db2856afadfa44c431852b44,accepted,True,policy_fail,unknown,unknown,True
synthetic_pick,85,0,1,sha256:620b3cc9b4e0c48a8cd7fef4d93f7adea8f95a0e6eb55b547ff31f9adc202f21,sha256:3287ce8ecf2bcd5199475d05ad3dfaaca09787d3986925bf5b4c529e1668de06,"{""synthetic_object_variant"":4}",sha256:c973f6d587ef948fab21a74ec40959a3c27f0b26d8e65a01b97c2f5889d3387c,sha256:3f19e8ade5bf7d88b86275f14e866905f2b90429db2856afadfa44c431852b44,accepted,True,policy_fail,unknown,unknown,True
synthetic_pick,86,0,0,sha256:620b3cc9b4e0c48a8cd7fef4d93f7adea8f95a0e6eb55b547ff31f9adc202f21,sha256:3287ce8ecf2bcd5199475d05ad3dfaaca09787d3986925bf5b4c529e1668de06,"{""synthetic_object_variant"":4}",sha256:7b8d8eb40c90e5094e6303c2ef824903985ab5303f9166a2b2fa921a40e360ab,sha256:3f19e8ade5bf7d88b86275f14e866905f2b90429db2856afadfa44c431852b44,accepted,True,policy_fail,unknown,unknown,True
synthetic_pick,87,0,1,sha256:620b3cc9b4e0c48a8cd7fef4d93f7adea8f95a0e6eb55b547ff31f9adc202f21,sha256:3287ce8ecf2bcd5199475d05ad3dfaaca09787d3986925bf5b4c529e1668de06,"{""synthetic_object_variant"":4}",sha256:58cb26507fe26a7138e55bc723764911d97c1ec7b58275132118de02e86b6299,sha256:3f19e8ade5bf7d88b86275f14e866905f2b90429db2856afadfa44c431852b44,accepted,True,policy_fail,unknown,unknown,True
synthetic_pick,88,0,0,sha256:620b3cc9b4e0c48a8cd7fef4d93f7adea8f95a0e6eb55b547ff31f9adc202f21,sha256:3287ce8ecf2bcd5199475d05ad3dfaaca09787d3986925bf5b4c529e1668de06,"{""synthetic_object_variant"":4}",sha256:c3e40e099a3048ae19138ec42544495ac179cee3978cabaef34ae7d99827e050,sha256:3f19e8ade5bf7d88b86275f14e866905f2b90429db2856afadfa44c431852b44,accepted,True,policy_fail,unknown,unknown,True
synthetic_pick,89,0,1,sha256:620b3cc9b4e0c48a8cd7fef4d93f7adea8f95a0e6eb55b547ff31f9adc202f21,sha256:3287ce8ecf2bcd5199475d05ad3dfaaca09787d3986925bf5b4c529e1668de06,"{""synthetic_object_variant"":4}",sha256:c7faf91bc754b4b602ff32babb368bba1e1e6976cbe9471180801458d536d19c,sha256:3f19e8ade5bf7d88b86275f14e866905f2b90429db2856afadfa44c431852b44,accepted,True,policy_fail,unknown,unknown,True
synthetic_pick,90,0,0,sha256:620b3cc9b4e0c48a8cd7fef4d93f7adea8f95a0e6eb55b547ff31f9adc202f21,sha256:3287ce8ecf2bcd5199475d05ad3dfaaca09787d3986925bf5b4c529e1668de06,"{""synthetic_object_variant"":4}",sha256:e21bac60356b152405f819c08ad6daffc4b22487d3689791de662bdfa5bdb26d,sha256:3f19e8ade5bf7d88b86275f14e866905f2b90429db2856afadfa44c431852b44,accepted,True,policy_fail,unknown,unknown,True
synthetic_pick,91,0,1,sha256:620b3cc9b4e0c48a8cd7fef4d93f7adea8f95a0e6eb55b547ff31f9adc202f21,sha256:3287ce8ecf2bcd5199475d05ad3dfaaca09787d3986925bf5b4c529e1668de06,"{""synthetic_object_variant"":4}",sha256:a20727cd27c79a7cbd38c132ba3323f5916231375d7f355c5678dcd538307340,sha256:3f19e8ade5bf7d88b86275f14e866905f2b90429db2856afadfa44c431852b44,accepted,True,policy_fail,unknown,unknown,True
synthetic_pick,92,0,0,sha256:620b3cc9b4e0c48a8cd7fef4d93f7adea8f95a0e6eb55b547ff31f9adc202f21,sha256:3287ce8ecf2bcd5199475d05ad3dfaaca09787d3986925bf5b4c529e1668de06,"{""synthetic_object_variant"":4}",sha256:9fc103849816338d98eb846b74bed426c0be6e18ddf92a820d03e5d46a6213ff,sha256:3f19e8ade5bf7d88b86275f14e866905f2b90429db2856afadfa44c431852b44,accepted,True,policy_fail,unknown,unknown,True
synthetic_pick,93,0,1,sha256:620b3cc9b4e0c48a8cd7fef4d93f7adea8f95a0e6eb55b547ff31f9adc202f21,sha256:3287ce8ecf2bcd5199475d05ad3dfaaca09787d3986925bf5b4c529e1668de06,"{""synthetic_object_variant"":4}",sha256:e2080c86546f885dd0f29bdb25bc7cf747a63c525ae2a67a294d0f6c29cea62b,sha256:3f19e8ade5bf7d88b86275f14e866905f2b90429db2856afadfa44c431852b44,accepted,True,policy_fail,unknown,unknown,True
synthetic_pick,94,0,0,sha256:620b3cc9b4e0c48a8cd7fef4d93f7adea8f95a0e6eb55b547ff31f9adc202f21,sha256:3287ce8ecf2bcd5199475d05ad3dfaaca09787d3986925bf5b4c529e1668de06,"{""synthetic_object_variant"":4}",sha256:f59f71bcebbd1164928f937c38847674075ef1ba8182f319837963d7d37ce9e5,sha256:3f19e8ade5bf7d88b86275f14e866905f2b90429db2856afadfa44c431852b44,accepted,True,policy_fail,unknown,unknown,True
synthetic_pick,95,0,1,sha256:620b3cc9b4e0c48a8cd7fef4d93f7adea8f95a0e6eb55b547ff31f9adc202f21,sha256:3287ce8ecf2bcd5199475d05ad3dfaaca09787d3986925bf5b4c529e1668de06,"{""synthetic_object_variant"":4}",sha256:79f9fdb371da59187769d27b4fd71b2f69fdac3adda5147a358a2706dea9bd1a,sha256:3f19e8ade5bf7d88b86275f14e866905f2b90429db2856afadfa44c431852b44,accepted,True,policy_fail,unknown,unknown,True
synthetic_pick,96,0,0,sha256:620b3cc9b4e0c48a8cd7fef4d93f7adea8f95a0e6eb55b547ff31f9adc202f21,sha256:3287ce8ecf2bcd5199475d05ad3dfaaca09787d3986925bf5b4c529e1668de06,"{""synthetic_object_variant"":4}",sha256:6e2176eb487cef3c9fcc533cbd470bf1277df237a0ad0c4fa9a0d275889bb8a3,sha256:3f19e8ade5bf7d88b86275f14e866905f2b90429db2856afadfa44c431852b44,accepted,True,policy_fail,unknown,unknown,True
synthetic_pick,97,0,1,sha256:620b3cc9b4e0c48a8cd7fef4d93f7adea8f95a0e6eb55b547ff31f9adc202f21,sha256:3287ce8ecf2bcd5199475d05ad3dfaaca09787d3986925bf5b4c529e1668de06,"{""synthetic_object_variant"":4}",sha256:05910932cdb25cdeb46fd7ed5037fdfd14eaf4e5c419b2ef0c39e6239f00dd52,sha256:3f19e8ade5bf7d88b86275f14e866905f2b90429db2856afadfa44c431852b44,accepted,True,policy_fail,unknown,unknown,True
synthetic_pick,98,0,0,sha256:620b3cc9b4e0c48a8cd7fef4d93f7adea8f95a0e6eb55b547ff31f9adc202f21,sha256:3287ce8ecf2bcd5199475d05ad3dfaaca09787d3986925bf5b4c529e1668de06,"{""synthetic_object_variant"":4}",sha256:8bf296b5b2f57b11c0800a2de5578fb16b66645d963904ecdb83bca711aec78e,sha256:3f19e8ade5bf7d88b86275f14e866905f2b90429db2856afadfa44c431852b44,accepted,True,policy_fail,unknown,unknown,True
synthetic_pick,99,0,1,sha256:620b3cc9b4e0c48a8cd7fef4d93f7adea8f95a0e6eb55b547ff31f9adc202f21,sha256:3287ce8ecf2bcd5199475d05ad3dfaaca09787d3986925bf5b4c529e1668de06,"{""synthetic_object_variant"":4}",sha256:23d741da2cb4ffdae7c16386ad0fcb2ddb4f1e6b81098bb86b3014a617f2337d,sha256:3f19e8ade5bf7d88b86275f14e866905f2b90429db2856afadfa44c431852b44,accepted,True,policy_fail,unknown,unknown,True
